Sequence,Throughput
1600,130.08453
4800,22.169082
8000,0.38075093
