Sequence,Throughput
1600,177.84174
4800,30.31731
8000,0.57596207
