Sequence,Throughput
800,95.412557
2400,62.882118
4000,22.572277
5600,4.4043937
7200,0.46332061
