Sequence,Throughput
800,112.16878
2400,73.963462
4000,26.550056
5600,5.180554
7200,0.60274088
