Sequence,Throughput
200,27.920554
600,28.150873
1000,27.322979
1400,25.482983
1800,22.838024
2200,19.667663
2600,16.275449
3000,12.941932
3400,9.8889709
3800,7.2608741
4200,5.1228595
4600,3.4731348
5000,2.2626449
5400,1.416435
5800,0.85204443
6200,0.49250777
6600,0.24620199
7000,0.13140519
7400,0.067393549
7800,0.033213056
