Sequence,Throughput
200,28.504646
600,29.138836
1000,28.281887
1400,26.377316
1800,23.63953
2200,20.357905
2600,16.84664
3000,13.396132
3400,10.236027
3800,7.5156965
4200,5.3026477
4600,3.5950255
5000,2.3420531
5400,1.6127597
5800,0.97014187
6200,0.56077171
6600,0.31147419
7000,0.16624287
7400,0.085260687
7800,0.042018383
