Sequence,Throughput
400,53.481528
1200,50.412069
2000,40.578743
2800,27.892846
3600,16.372378
4400,8.2063055
5200,3.5122933
6000,1.2835986
6800,0.40054313
7600,0.10396116
