Sequence,Throughput
400,57.710916
1200,54.584312
2000,43.937153
2800,30.201336
3600,17.727401
4400,8.8854822
5200,3.8029805
6000,1.528816
6800,0.47706252
7600,0.12710468
